<?xml version='1.0' encoding='utf-8' standalone='yes' ?>
<map>
    <string name="prev_event_name">sectionImpression</string>
    <long name="prev_event_timestamp" value="1755506098632" />
    <string name="CACHED_CHANNEL">playstore</string>
    <int name="appsFlyerInAppEventCount" value="108" />
    <long name="prev_session_dur" value="9" />
    <boolean name="ddl_sent" value="true" />
    <long name="af_rc_max_age" value="86400" />
    <string name="sentSuccessfully">true</string>
    <int name="versionCode" value="2147483647" />
    <string name="af_remote_config">eyJmZWF0dXJlcyI6e30sInZlciI6ImRlZmF1bHQudjEuMTYzNzE0OTUyOSJ9</string>
    <string name="savedProperties">{&quot;uid&quot;:&quot;1755505906547-3920085528457618521&quot;,&quot;waitForCustomerId&quot;:&quot;false&quot;,&quot;logLevel&quot;:&quot;0&quot;,&quot;AppUserId&quot;:&quot;229875657&quot;}</string>
    <string name="AF_INSTALLATION">1755505906547-3920085528457618521</string>
    <boolean name="afUninstallToken_queued" value="false" />
    <int name="appsFlyerCount" value="6" />
    <long name="af_rc_timestamp" value="1755505906905" />
    <long name="AppsFlyerTimePassedSincePrevLaunch" value="1755506089640" />
    <boolean name="newGPReferrerSent" value="true" />
    <string name="appsFlyerFirstInstall">2025-08-18_140146+0530</string>
    <string name="attributionId">{&quot;install_time&quot;:&quot;2025-08-18 08:31:51.656&quot;,&quot;af_message&quot;:&quot;organic install&quot;,&quot;af_status&quot;:&quot;Organic&quot;,&quot;is_first_launch&quot;:false}</string>
</map>
