<?xml version='1.0' encoding='utf-8' standalone='yes' ?>
<map>
    <long name="com.facebook.appevents.SessionInfo.sessionStartTime" value="1756533583307" />
    <long name="com.facebook.appevents.SessionInfo.sessionEndTime" value="1756533596056" />
    <boolean name="bg_startup_tracing" value="false" />
    <string name="com.facebook.appevents.UserDataStore.internalUserData">{&quot;r2&quot;:&quot;d9809cdf0ae987a91f59bfb363dfcbae96b6ae56138afbcfff1b2ac6a5a0e02b&quot;}</string>
    <int name="com.facebook.appevents.SessionInfo.interruptionCount" value="0" />
    <string name="com.facebook.appevents.SessionInfo.sessionId">7e0bb1e3-e8d2-4dc3-9ac5-ee138e1a36f6</string>
</map>
