<?xml version='1.0' encoding='utf-8' standalone='yes' ?>
<map>
    <int name="consent_source" value="-10" />
    <long name="first_open_time" value="1755505904328" />
    <string name="gmp_app_id">1:63824514628:android:4b17395770475255</string>
    <string name="consent_settings">G111</string>
    <string name="app_instance_id">c92f3186b3484385102b9eb754ee8a9b</string>
    <boolean name="has_been_opened" value="true" />
    <boolean name="app_backgrounded" value="true" />
    <long name="health_monitor:start" value="1756533598061" />
    <boolean name="allow_remote_dynamite" value="true" />
    <boolean name="use_service" value="true" />
    <string name="dma_consent_settings">-10:1</string>
    <boolean name="start_new_session" value="true" />
</map>
