<?xml version='1.0' encoding='utf-8' standalone='yes' ?>
<map>
    <set name="fire-cls/19.0.3 fire-installations/18.0.0 device-model/trltechnzh android-min-sdk/24 device-name/1da611680d4119ac fire-rc/22.0.0 fire-dl/22.1.0 device-brand/samsung fire-abt/21.1.1 fire-cls-ndk/19.0.3 android-installer/com.android.vending fire-core/21.0.0 react-native-firebase/20.3.0 fire-android/31 fire-core-ktx/21.0.0 fire-perf/21.0.1 fire-analytics/22.0.2 android-platform/ kotlin/1.9.21 fire-fcm/24.0.0 fire-sessions/2.0.3 fire-transport/19.0.0 android-target-sdk/34">
        <string>2025-08-30</string>
    </set>
    <long name="fire-count" value="1" />
    <string name="last-used-date">2025-08-30</string>
    <long name="fire-global" value="1756533582383" />
</map>
