<?xml version='1.0' encoding='utf-8' standalone='yes' ?>
<map>
    <string name="cachedGUIDsKey:W84-8RR-RR5Z">{&quot;Email_indarvind08@gmail.com&quot;:&quot;__53d545e2dff040508f34c3a153086c7e&quot;,&quot;Identity_229875657&quot;:&quot;__53d545e2dff040508f34c3a153086c7e&quot;}</string>
    <int name="sexe:W84-8RR-RR5Z" value="1756533596" />
    <int name="istc_inapp:__53d545e2dff040508f34c3a153086c7e:W84-8RR-RR5Z" value="0" />
    <string name="comms_dmn_spiky:W84-8RR-RR5Z">eu1-spiky.clevertap-prod.com</string>
    <int name="comms_last_ts:W84-8RR-RR5Z" value="1756533596" />
    <int name="istmcd_inapp:__53d545e2dff040508f34c3a153086c7e:W84-8RR-RR5Z" value="10" />
    <int name="imc:__53d545e2dff040508f34c3a153086c7e:W84-8RR-RR5Z" value="1" />
    <string name="SP_KEY_PROFILE_IDENTITIES:W84-8RR-RR5Z">Email,Identity</string>
    <int name="comms_first_ts:W84-8RR-RR5Z" value="1755505912" />
    <int name="comms_mtd:W84-8RR-RR5Z" value="0" />
    <string name="fcm_token:W84-8RR-RR5Z">cSJ3BfJaSLejrTkw9DR-sb:APA91bHDoWHMLHbAOjCy648ZANGwSJsuU_GxL4w694NUe59SJV_BakQz76fKJSCtVYLezcsiS_ccfnd1-LEMzGT6uvo4OLqdvq-Cd-xkoOtDxyLkJ0jmmQc</string>
    <string name="comms_dmn:W84-8RR-RR5Z">eu1.clevertap-prod.com</string>
    <int name="lastSessionId:W84-8RR-RR5Z" value="1756533583" />
    <boolean name="NetworkInfo:W84-8RR-RR5Z" value="true" />
    <string name="deviceId:W84-8RR-RR5Z">__53d545e2dff040508f34c3a153086c7e</string>
    <string name="instance:W84-8RR-RR5Z">{&quot;accountId&quot;:&quot;W84-8RR-RR5Z&quot;,&quot;accountToken&quot;:&quot;22b-4b0&quot;,&quot;analyticsOnly&quot;:false,&quot;isDefaultInstance&quot;:true,&quot;useGoogleAdId&quot;:false,&quot;disableAppLaunchedEvent&quot;:false,&quot;personalization&quot;:true,&quot;debugLevel&quot;:0,&quot;createdPostAppLaunch&quot;:false,&quot;sslPinning&quot;:false,&quot;backgroundSync&quot;:false,&quot;getEnableCustomCleverTapId&quot;:false,&quot;beta&quot;:false,&quot;encryptionLevel&quot;:0}</string>
    <string name="ict_date:__53d545e2dff040508f34c3a153086c7e:W84-8RR-RR5Z">30082025</string>
    <long name="last_assets_cleanup" value="1755505913084" />
</map>
