<?xml version='1.0' encoding='utf-8' standalone='yes' ?>
<map>
    <int name="d_ts" value="1756533587" />
    <int name="dh" value="-115597957" />
    <int name="hgt" value="5" />
    <string name="av">7.26.2</string>
    <int name="v" value="2" />
    <int name="wdt" value="2" />
    <string name="j_n">Zw==</string>
    <string name="i_n">YmhqcwMJBwdm</string>
    <int name="r_ts" value="1756533596" />
    <string name="id">W84-8RR-RR5Z</string>
    <string name="k_n">DHhgeQsIBgFhb2VpCg==</string>
    <string name="j_s">{}</string>
</map>
