{
  "godel": {
    "v1-config.zip": {
      "hash": "d075d86a254dcd9ca1f198d771145015"
    }
  },
  "hyper": {
    "bundles": {
      "acs": {
        "in.juspay.godel": {
          "1.3.1": {
            "v1-acs.zip": {
              "hash": "b562e4fcc1a9f783f78cce04547c0e0d"
            }
          }
        }
      },
      "android": {
        "release": {
          "in.juspay.upiintent": {
            "2.0.0": {
              "common": {
                "2.0.151": {
                  "v1-config.zip": {
                    "hash": "e35465fdb90f3d87fb8a9b19ab2aed74"
                  }
                }
              }
            }
          }
        }
      },
      "app": {
        "in.juspay.dotp": {
          "4.6.12": {
            "android": {
              "v1-index_bundle.zip": {
                "hash": "39e3da74ac286175a904001cfd4b059e"
              }
            }
          }
        },
        "in.juspay.ec": {
          "3.18.4": {
            "android": {
              "v1-index_bundle.zip": {
                "hash": "fc767a8d3f8bdf9188579f3f22352631"
              }
            }
          },
          "3.36.25": {
            "android": {
              "v1-index_bundle.zip": {
                "hash": "672b5a91c26f45e4041d9a58444c165e"
              }
            }
          },
          "4.1.0": {
            "android": {
              "v1-index_bundle.zip": {
                "hash": "b2f719db3571c078bf7b9282d35914bb"
              }
            }
          }
        },
        "in.juspay.escrow": {
          "4.1.3": {
            "android": {
              "v1-index_bundle.zip": {
                "hash": "14cd3a5d9d70723e15f299c749cd80f6"
              }
            }
          }
        },
        "in.juspay.flyer": {
          "2.5.2": {
            "android": {
              "v1-index_bundle.zip": {
                "hash": "f839bc6db955a6f8e23935445de08265"
              }
            }
          }
        },
        "in.juspay.godel": {
          "1.1.1": {
            "android": {
              "v1-index_bundle.zip": {
                "hash": "2ca7a415a33ec26826dacf7d6e55b0a5"
              }
            }
          },
          "1.4.16": {
            "android": {
              "v1-index_bundle.zip": {
                "hash": "76683da33f83a0bfc353ec2a83ee7a8e"
              }
            }
          }
        },
        "in.juspay.hyperpay": {
          "4.69.27-release-20241118.0": {
            "android": {
              "v1-index_bundle.zip": {
                "hash": "976629a7a1c8cf14b82f122c9c1ab8fd"
              }
            }
          }
        },
        "in.juspay.hyperupi": {
          "2.3.54": {
            "android": {
              "v1-index_bundle.zip": {
                "hash": "b61e573d5cc7c468a7041c31266a2ae6"
              }
            }
          }
        },
        "in.juspay.inappupi": {
          "2.0.392": {
            "android": {
              "v1-index_bundle.zip": {
                "hash": "416f1af2ff2097f8310ef1d20c8719e8"
              }
            }
          }
        },
        "in.juspay.upiintent": {
          "4.10.19": {
            "android": {
              "v1-index_bundle.zip": {
                "hash": "f47aa51137bcf8b9b89b1877a35f3023"
              }
            }
          }
        },
        "tracker": {
          "2.0.50": {
            "v1-tracker.zip": {
              "hash": "72e0db9d6d92d558b8a3dbb2e6abf0ec"
            }
          },
          "2.1.5": {
            "v1-tracker.zip": {
              "hash": "aaa02ff5876752444ee836872a0d9c66"
            }
          }
        }
      },
      "config": {
        "in.juspay.godel": {
          "1.3.15": {
            "v1-config.zip": {
              "hash": "d6c7222370a20cbdc8f4e17b565017e7"
            }
          },
          "1.4.0": {
            "v1-config.zip": {
              "hash": "b2ebd2dcc4f597229d06e4008e942466"
            }
          },
          "1.4.2": {
            "v1-config.zip": {
              "hash": "ba1cf0e454c3818da2c789cc730d0df1"
            }
          }
        }
      },
      "in.juspay.merchants": {
        "bbdaily": {
          "ios": {
            "release": {
              "config.json": {
                "hash": "3hkj23h5k23jh52kj3h"
              }
            }
          }
        },
        "fancode": {
          "android": {
            "release": {
              "sdk_config.json": {
                "hash": "75fef58c3ef8341fbef1ea7fd4e73deb"
              }
            }
          }
        }
      },
      "release": {
        "in.juspay.godel": {
          "android": {
            "1.0rc2": {
              "common": {
                "1.0.1": {
                  "v1-boot_loader.zip": {
                    "hash": "3b52f2f0d550507208f50689c5dff01f"
                  }
                },
                "stable": {
                  "v1-boot_loader.zip": {
                    "hash": "1a675fbf2067227d1857566bc3b4ebf6"
                  }
                }
              }
            }
          }
        }
      }
    },
    "configs": {
      "fancode": {
        "in.juspay.hyperpay": {
          "1.64.1": {
            "v1-configuration.zip": {
              "hash": "f7fa99d5f1faa1ea769910827ba3f4d7"
            },
            "v1-icons.zip": {
              "hash": "b3989ccad6494ad52b3fe38344f25756"
            },
            "v1-strings.zip": {
              "hash": "54722e7e83aac9f3870eb4bf0d9ecdc9"
            }
          }
        }
      }
    }
  },
  "juspay": {
    "payments": {
      "in.juspay.dotp": {
        "release": {
          "v1-config.zip": {
            "hash": "d1be46cb32c6ae215f492b0b963486b7"
          }
        }
      },
      "in.juspay.ec": {
        "release": {
          "v1-config.zip": {
            "hash": "01ec08875f5d676ef172339e7d3f9b8f"
          }
        }
      },
      "in.juspay.godel": {
        "release": {
          "1.0rc2": {
            "v1-acs.zip": {
              "hash": "0e6e2249b7adef09c1ffc8e673f312ae"
            }
          }
        }
      }
    }
  }
}