{"configs_key":{"enableCoupons":"false","enableGoogleBilling":"true","fc_abtest_match_card_prestate":"PREVIEW","fc_bottom_nav_enable_animation":"false","fc_button_text":"UPDATE APP NOW","fc_cache_clear_days":"3","fc_casa_masthead_blur_division_factor":"2","fc_casa_masthead_v2_enabled":"false","fc_cast_receiver_id":"CB24A10E","fc_clip_cutter":"false","fc_dai_sdk_type":"IMA_DAI_CORE","fc_enable_ad_funded":"true","fc_enable_api_caching":"true","fc_enable_casa_masthead_v2_1":"true","fc_enable_cast":"false","fc_enable_channels":"true","fc_enable_concurrent_stream_limiting":"true","fc_enable_conviva_appInsight":"false","fc_enable_cronet":"true","fc_enable_dai_extension_sdk":"false","fc_enable_dream11_analytics":"true","fc_enable_fantasy_hub":"true","fc_enable_gam_nudge":"true","fc_enable_gpu_player":"false","fc_enable_graphql_apq":"true","fc_enable_image_bucketing":"true","fc_enable_ipl_fanzone":"false","fc_enable_match_live_tab_animated_bottom_banner":"true","fc_enable_match_pip":"false","fc_enable_match_pip_ios":"true","fc_enable_match_segment":"false","fc_enable_native_player_stats":"true","fc_enable_new_architecture":"false","fc_enable_new_architecture_match_detail_cricket":"true","fc_enable_new_architecture_match_detail_cricket_ios":"true","fc_enable_new_architecture_match_detail_payments":"true","fc_enable_new_architecture_video_detail":"true","fc_enable_new_home_page":"true","fc_enable_nudges":"true","fc_enable_payment_checkout_page":"false","fc_enable_performance_sdk":"true","fc_enable_player_search":"true","fc_enable_qualtrics":"false","fc_enable_search":"true","fc_enable_sherlog":"true","fc_enable_shimmer_animation":"true","fc_enable_shop":"true","fc_enable_shopify_performance_profiler":"true","fc_enable_shorts":"true","fc_enable_token_auth":"true","fc_enable_video_detail_pip":"false","fc_enable_vmax_live":"true","fc_enable_vmax_vod":"false","fc_enable_water_marking":"true","fc_fetch_one_time_pass_ios":"true","fc_gam_refresh_interval":"50000","fc_gam_targeting_variable":"cust_params=app_version%3D4.8.5%26app_platform%3Dsportsguruand%26state%3Dundefined%26city%3Dundefined%26match_id%3D62038%26tour_id%3D2899%26sport%3Dcricket%26video_id%3D9691%26video_type%3DVOD%26duration%3D714794%26category%3DTOP%20MOMENT","fc_image_url":"https:\/\/www.fancode.com\/skillup-uploads\/cms-media\/Roland-Garros_Force-Update-Bannerfinal_1.png","fc_in_app_review_config":"{\"matchDetail\":true,\"videoDetail\":true,\"daysDelayForFirstPopup\":1,\"daysIntervalOnClose\":3,\"daysIntervalOnNo\":2}","fc_masthead_ad_unit_aspect_ratio":"30:25","fc_masthead_ad_unit_width":"300","fc_match_detail_fetch_status_delay":"{\"isEnabled\":true,\"delay\":15}","fc_native_shimmer":"true","fc_prefetch_nudge_ad":"PLAYER_SQUAD,MATCH_INFO_STICKY","fc_prewarm_webview_delay":"0","fc_referral_config":"{\"feature_flag\":true,\"reward_provider_data\":{\"max_reward_amount\":400,\"max_reward_percentage\":30}}","fc_search_coachmark_description":"Now search  Matches, Fantasy, Updates & Videos here!","fc_search_coachmark_title":"Looking for something?","fc_search_placeholder_text":"Matches, Updates, Fantasy and Videos","fc_search_tooltip_text":"New! Search matches, updates & videos here!","fc_should_show_image":"true","fc_show_cs_chat_option":"true","fc_show_cs_talk_option":"false","fc_show_delete_account":"false","fc_sponsored_ads_live_score_dark":"","fc_sponsored_ads_live_score_light":"","fc_static_ad_interval":"3000","fc_stories_ad_unit_id":"\/22693816480\/native_display","fc_tv_android_tv_clear_exo_player":"false","fc_tv_check_min_decoder_count_drm_only":"true","fc_tv_csl_enable":"true","fc_tv_csl_text":"{\"title\":\"Screen limit reached (4+ devices)\",\"description\":\"Stop playing on any other device to watch here\"}","fc_tv_dai_extension":"false","fc_tv_enable_conviva_app_tracker":"true","fc_tv_enable_csai":"false","fc_tv_enable_in_app_purchase":"false","fc_tv_enable_mobile_num_login":"true","fc_tv_enable_ssai":"false","fc_tv_enable_ssai_v1":"false","fc_tv_enable_vmax_csai":"false","fc_tv_enable_watermark":"true","fc_tv_force_update":"{\"amazon\":{\"min_version\":1,\"update_title\":\"Fancode's latest version is here\",\"update_msg\":\"Update app from amazon store.\"},\"jio\":{\"min_version\":1,\"update_title\":\"Fancode's latest version is here\",\"update_msg\":\"Update app from jio beta store.\"},\"android\":{\"min_version\":1,\"update_title\":\"Fancode's latest version is here\",\"update_msg\":\"Update app from google play store.\"}}","fc_tv_livestream_decoding_error_threshold":"3","fc_tv_min_decoder_instance":"2","fc_tv_min_version_code":"1","fc_tv_recommend_sync_interval":"5","fc_tv_release_player_exception_handler":"true","fc_tv_test_flag":"false","fc_tv_update_text":"This version of app is no longer supported, update the app to continue","fc_tv_use_minimum_bitrate_index":"2","fc_tv_use_minimum_bitrate_index_vod":"3","fc_tv_video_info_debounce_duration":"7000","fc_tv_vmax_seek_to_near_live_offset":"5","fc_tv_vmax_tag_ids":"{\"tag_ids\":[{\"tag_id\":\"d15d0360\",\"tag_type\":\"REGULAR\"},{\"tag_id\":\"a65a33f6\",\"tag_type\":\"REGULAR\"},{\"tag_id\":\"c69dba13\",\"tag_type\":\"REGULAR\"}]}","fc_video_player_preference":"FANCODE","fc_video_preroll_vasttags":"[]","fc_your_folllowing_segment":"false","sg_current_version_code":"10960434","sg_force_update_header":"Mandatory Update Required","sg_force_update_message":"<div><p style=\"text-align: center;\">Watch Tennis on FanCode! All matches. All courts - switch instantly between multiple live matches!<\/p><\/div>","sg_minimum_valid_version":"10960376","sg_optional_update_header":"Tennis is on FanCode Now!","sg_optional_update_message":"<div><p style=\"text-align: center;\">All matches. All courts - Switch instantly between multiple live matches! Update the app now for the full tennis experience.<\/p><\/div>","sg_show_update":"true","sg_show_update_info":"true","sg_store_url":"https:\/\/play.google.com\/store\/apps\/details?id=com.dream11sportsguru","sg_update_info_header":"Upgrade to latest version!","sg_update_info_message":"<div> <ul> <li>Cricket's newest format is here! 100 balls, unlimited entertainment, only on our latest version.<\/li> <\/ul> <\/div>","test_key":"test v1"},"fetch_time_key":1756533584893,"abt_experiments_key":[],"personalization_metadata_key":{},"template_version_number_key":1376,"rollout_metadata_key":[]}