{"Fid":"cSJ3BfJaSLejrTkw9DR-sb","Status":3,"AuthToken":"eyJhbGciOiJFUzI1NiIsInR5cCI6IkpXVCJ9.eyJhcHBJZCI6IjE6NjM4MjQ1MTQ2Mjg6YW5kcm9pZDo0YjE3Mzk1NzcwNDc1MjU1IiwiZXhwIjoxNzU3MTM4MzgyLCJmaWQiOiJjU0ozQmZKYVNMZWpyVGt3OURSLXNiIiwicHJvamVjdE51bWJlciI6NjM4MjQ1MTQ2Mjh9.AB2LPV8wRQIgVfHsfHJPdEixR8KlH_Y6mmZtp_elN8gXhwgPcQp_8jICIQDJK5GjgjplyGXY4lzOeuTm3ohEHQv8eDEfd4PcLRelyA","RefreshToken":"3_AS3qfwI-7eRHPhZHDRg_hHihWiKPxRVYUty2-qmpS8I-xf580OHudwA-GIFZQ2OF_OMISVoPmtKKCr_NALWkjkd0dAvgKRCMx8PWN0mWGe-jffU","TokenCreationEpochInSecs":1756533582,"ExpiresInSecs":604800}