{"Fid":"cSJ3BfJaSLejrTkw9DR-sb","Status":3,"AuthToken":"eyJhbGciOiJFUzI1NiIsInR5cCI6IkpXVCJ9.eyJhcHBJZCI6IjE6NjM4MjQ1MTQ2Mjg6YW5kcm9pZDo0YjE3Mzk1NzcwNDc1MjU1IiwiZXhwIjoxNzU2MTEwNzA2LCJmaWQiOiJjU0ozQmZKYVNMZWpyVGt3OURSLXNiIiwicHJvamVjdE51bWJlciI6NjM4MjQ1MTQ2Mjh9.AB2LPV8wRAIgTPMWAWZNKzy2iScbp1MXvph-T8fu89-6h3FwNwM6KQYCIHaHux1pm1gP5bqxJ-XSuIqABX-exOe-QRakZsJ6b1T4","RefreshToken":"3_AS3qfwI-7eRHPhZHDRg_hHihWiKPxRVYUty2-qmpS8I-xf580OHudwA-GIFZQ2OF_OMISVoPmtKKCr_NALWkjkd0dAvgKRCMx8PWN0mWGe-jffU","TokenCreationEpochInSecs":1755505905,"ExpiresInSecs":604800}